name,SpHb17,,SpHb28,,SpHb34,,SpHb41,,SpHb43,,SpHb54,,SpHb55,,SpHb57,,SpHb58,,SpHb61,,SpHb62,,SpHb63 ,,Vva8,,Vmo13,
mother_001,159,171,160,168,214,217,177,183,158,182,169,171,191,194,205,199,166,198,151,195,188,200,175,191,119,107,201,247
mother_002,159,168,152,156,214,214,177,185,160,170,167,157,197,197,199,197,168,170,179,181,188,186,175,183,107,135,203,211
mother_003,162,177,140,154,208,211,181,199,158,188,165,179,188,188,209,205,168,164,177,151,190,204,181,185,119,107,207,207
mother_004,162,183,150,166,214,208,181,177,168,168,165,155,191,203,197,201,164,151,171,177,194,192,175,191,105,119,197,203
mother_005,162,162,140,214,208,217,177,181,168,172,157,165,182,197,201,203,166,173,159,179,190,190,185,175,107,109,211,207
mother_006,171,171,156,150,214,211,171,187,168,164,181,167,188,209,203,199,170,166,151,199,192,186,175,201,135,137,203,207
mother_007,162,174,152,140,211,211,177,171,160,168,169,153,194,191,199,197,168,160,151,159,188,204,181,183,105,107,193,203
mother_008,162,165,150,168,214,214,177,191,158,172,167,167,185,188,197,205,168,170,195,181,190,192,191,199,135,105,205,247
mother_009,162,162,150,148,217,208,177,183,164,158,157,173,182,212,203,199,170,176,163,187,192,188,175,175,107,105,203,221
mother_010,162,168,140,154,208,208,177,179,168,172,155,181,185,191,203,205,164,151,159,163,190,202,185,181,135,191,211,213
,,,,,,,,,,,,,,,,,,,,,,,,,,,,
